WKT;id;nombre;direccion;telefono;email;web;mecanica_s;horario_de;calle;altura;direccion_;barrio;comuna
POINT (-58.466041249451614 -34.557060215984805);52;11 a fondo;Congreso 2757;45421835;info@11afondo.com;http://www.11afondo.com;False;Lun a Vie de 10 a 14 y de 16 a 20/Sáb de 10 a 14;CONGRESO AV.;2757;CONGRESO AV. 2757;Nuñez;Comuna 13
POINT (-58.41279876038783 -34.591915372813645);32;American Bike;Av. Cnel. Diaz 1664;48220889;info@americanbike.com.ar;http://www.americanbike.com.ar/;True;Lun a Vier de 10 a 14 y de 15 a 20.30 / Sáb de 10 a 14 y de 15 a 20;DIAZ, CNEL. AV.;1664;DIAZ, CNEL. AV. 1664;Palermo;Comuna 14
POINT (-58.425646989945932 -34.580365554062418);30;Andino Bikes;Guemes 4818;47753677;andino_bike@hotmail.com;http://www.andinobike.com.ar/;False;Lun a Vier de 9 a 19 / Sáb de 10:00 - 17:00;GUEMES;4818;GUEMES 4818;Palermo;Comuna 14
POINT (-58.437608880680997 -34.6045094278806);107;Babe Bikes;Warnes 10;48549862;info@babebikes.com.ar;;False;;Warnes;10;WARNES AV. 10;Villa Crespo;Comuna 15
POINT (-58.439598908303168 -34.58547499220991);118;Belgravia Tailor Made Bicyles;Bonpland 1459;1544291001;hola@belgravia.com.ar;www.facebook.com/BelgraviaBikes;False;;Bonpland;1459;BONPLAND 1459;Palermo;Comuna 14
POINT (-58.385795120230064 -34.593947379180193);18;Belosophy;Talcahuano 1235;48157329;info@belosophybikes.com.ar;http://belosophybikes.com/;True;Lun a Vier de 10.30 a 19.30 / Sáb de 10.30 a 14;Talcahuano;1235;TALCAHUANO 1235;Retiro;Comuna 1
POINT (-58.392424855701393 -34.594016573845749);117;Betrece B13;Juncal 1760;48111135;b13bicis@gmail.com;http://b13bicis.com/;False;Lun a Vier de 10 a 20/Sáb de 10 a 14;Juncal;1760;JUNCAL 1760;Recoleta;Comuna 2
POINT (-58.443244127500222 -34.594350872975653);4;Bici Shop;Villaroel 1093;48558329;info@tubicicleteria.com;www.tubicicleteria.com;False;;VILLARROEL;1093;VILLARROEL 1093;Villa Crespo;Comuna 15
POINT (-58.454744170369985 -34.563591266470432);67;Bici Urbana;sucre 2357;47840155/47872056;contacto@biciurbana.com.ar;www.biciurbana.com.ar;True;Lun a Sáb de 10 a 19;SUCRE, ANTONIO JOSE de, Mcal.;2357;SUCRE, ANTONIO JOSE de, Mcal. 2357;Belgrano;Comuna 13
POINT (-58.373626483621727 -34.629833403659838);55;Bici Vazquez;Ituzaingo 602;43002081;dava62@hotmail.com;;True;;ITUZAINGO;602;ITUZAINGO 602;Barracas;Comuna 4
POINT (-58.416827884739959 -34.595271412766046);120;BiciCity;Bulnes 1422;48622574;info@bicicity.com.ar;www.facebook.com/BiciCity-1615714655383646/?fref=ts);True;Lunes a Sábados de 9:30 a 13:00 y 15:00 a 19:30;Bulnes;1422;BULNES 1422;Palermo;Comuna 14
POINT (-58.425687936517456 -34.592305089760508);1;Bicicletas Araoz;Araoz 1458;01148337887/01148327704;info@biciccletasaraoz.com.ar;http://www.bicicletasaraoz.com.ar/;True;Lun a Vier de 9.30 a 19;ARAOZ;1458;ARAOZ 1458;Palermo;Comuna 14
POINT (-58.371069122314715 -34.626831602996688);26;Bicicletas mila;Caseros 402;43074370;bicicletasmila@hotmail.com;www.bicicletasmila.com.ar;False;Lun a Vier de 9 a 19;CASEROS AV.;402;CASEROS AV. 402;Barracas;Comuna 4
POINT (-58.372654236484614 -34.621739459689046);53;Bicicleteria Balcarce;San Juan 495;43005369;;;False;Lun a vier de 7 a 19 / Sáb de 8 a 14;SAN JUAN AV.;495;SAN JUAN AV. 495;San Telmo;Comuna 1
POINT (-58.458155166685223 -34.574986215674734);108;Bicicletería De Felice;Superí 1300;45532700;bicicleteriadefelice@hotmail.com;;False;;Superi;1300;SUPERI 1300;Colegiales;Comuna 13
POINT (-58.419016847260693 -34.611247498945751);57;Bicicleteria Movimiento / Biciland;Av. Rivadavia 3746;49839569;;;False;Lun a vier de 9.30 a 13.30 y de 16 a 20;RIVADAVIA AV.;3746;RIVADAVIA AV. 3746;Almagro;Comuna 5
POINT (-58.426701484198233 -34.582944479581535);31;Bicicletería Orense;Paraguay 4718;47746293;orensebikes@yahoo.com.ar;http://www.bicicletasorense.com.ar/;True;Lun a vier de 9.30-13 y de 15 a 19.30;PARAGUAY;4718;PARAGUAY 4718;Palermo;Comuna 14
POINT (-58.442391551386983 -34.585908786905108);33;Bicicletería Orense;Av. Cordoba 5801;47722265;orensebikes@yahoo.com.ar;http://www.bicicletasorense.com.ar/;True;Lun a vier de 9.30-13 y de 15 a 19.30;CORDOBA AV.;5801;CORDOBA AV. 5801;Palermo;Comuna 14
POINT (-58.470928567732692 -34.615712609240383);102;Bicicletería Works (Artigas);José G. Artigas 1302;45828510;wkbicicletas@hotmail.com;www.bicicleteriaworks.com.ar;False;Lunes a Sábado de 9.30 a 19.30;Artigas;1302;ARTIGAS, JOSE GERVASIO, GRAL. 1302;Villa Gral. Mitre;Comuna 11
POINT (-58.474103118035856 -34.616304024633301);101;Bicicletería Works (Juan B Justo);Juan B. Justo 5502;45849533;wkbicicletas@hotmail.com;www.bicicleteriaworks.com.ar;False;Lunes a Sábado de 9.30 a 19.30;Juan B Justo;5502;JUSTO, JUAN B. AV. 5502;Villa Santa Rita;Comuna 11
POINT (-58.490535490503547 -34.602284356920165);103;Bicicletería Works (Nogoyá);Nogoyá 2998;45041771;wkbicicletas@hotmail.com;www.bicicleteriaworks.com.ar;False;Lunes a Sábado de 9.30 a 19.30;Nogoyá;2998;NOGOYA 2998;Villa Del Parque;Comuna 11
POINT (-58.427395522708814 -34.624992981500796);29;Bicicleterias Ale;Av. La Plata 795;49233931;info@alebikes.com.ar;http://www.alebikes.com.ar/;False;Lun a Vier de 10 a 13 y de 15 a 19.30/ Sáb de 9.30 a 16;LA PLATA AV.;795;LA PLATA AV. 795;Caballito;Comuna 6
POINT (-58.407958858311993 -34.619952906610983);58;Bicicleterias Alejo;La rioja 815;49571067/1565536869;bicicletasalejo@yahoo.com.ar;http://www.bicicletasalejo.com.ar/;False;Lun a vier de 8.30 a 19/Sáb de 9 a 18;LA RIOJA;815;LA RIOJA 815;San Cristobal;Comuna 3
POINT (-58.37733437532922 -34.608363589150592);5;Bicicleterias El colo;Rivadavia 770;43423887;info@bicicleteriaelcolo.com.ar;http://www.bicicleteriaelcolo.com.ar/;True;Lun a vier de 9 a 19/Sáb de 9 a 13;RIVADAVIA AV.;770;RIVADAVIA AV. 770;Monserrat;Comuna 1
POINT (-58.474642109934216 -34.540009667518994);36;Bicicleterias Marino;Av. Cabildo 4883;47015485;bicicletasmarino@fibertel.com.ar;;False;Lun a Vier de 9 a 12 y de 15 a 19/Sáb de 9 a 13;CABILDO AV.;4883;CABILDO AV. 4883;Nuñez;Comuna 13
POINT (-58.429881280818215 -34.589942756939102);77;BiciUp;Gurruchaga 1519;35301000;info@biciup.com.ar;http://www.biciup.com.ar/;False;Martes a Sábados de 11 a 20/Domingos de 15 a 20;Gurruchaga;1519;GURRUCHAGA 1519;Palermo;Comuna 14
POINT (-58.3850006184894 -34.608518904929106);20;Bike-Shop;Talcahuano 10;43833925;bikeshops@yahoo.com.ar/anataborcias@yahoo.com.ar;http://www.bicicletasbikeshop.com.ar;True;Lun a vier de 9 a 19/Sáb de 9 a 16;TALCAHUANO;10;TALCAHUANO 10;San Nicolas;Comuna 1
POINT (-58.415956647926336 -34.586235901623716);109;Black Bike;Aráoz 2446;48322676;blackbikearaoz@gmail.com;;False;;Araoz;2446;ARAOZ 2446;Palermo;Comuna 14
POINT (-58.456508642478482 -34.580320298819679);59;Busato;Giribone 990;45534278;rodadosbusato@hotmail.com;;True;Lun a Vier de 9 a 13 y de 15 a 19/Sáb de 9 a 13;GIRIBONE;990;GIRIBONE 990;Chacarita;Comuna 15
POINT (-58.415801761616187 -34.59767740096764);6;Canaglia (Córdoba);Avda. Cordoba 3489;35352381;cordoba3489@canaglia.com;http://www.canaglia.com/;True;Lun a Vier de 9.30 a 13.30 y de 15.30 a 19.30/Sáb de 9 a 13 y 15 a 18;CORDOBA AV.;3489;CORDOBA AV. 3489;Recoleta;Comuna 2
POINT (-58.414053102650939 -34.580139415205018);9;Canaglia (Lafinur);Lafinur 3057;48016007;palermo@canaglia.com;http://www.canaglia.com/;True;Lun a vier de 10 a 13.30 y de 15 a 19.45/Sáb de 10 a 14 y de 15 a 18;Lafinur;3057;LAFINUR 3057;Palermo;Comuna 14
POINT (-58.514123233796333 -34.639415424369993);8;Canaglia (Rivadavia);Av. Rivadavia 10700;46443531;liniers@canaglia.com;http://www.canaglia.com/;True;Lun a vier de 9 a 13 y de 15 a 19.30/Sáb de 9 a 13.30 y de 15 a 18;RIVADAVIA AV.;10700;RIVADAVIA AV. 10700;Liniers;Comuna 9
POINT (-58.380649117652233 -34.60005925815959);7;Canaglia (Viamonte);Viamonte 967;43223426;canagliacentro@gmail.com;http://www.canaglia.com/;True;Lun a Vier de 9 a 18.30;VIAMONTE;967;VIAMONTE 967;San Nicolas;Comuna 1
POINT (-58.384536766870454 -34.593855863020501);74;Canaglia Recoleta;Libertad 1238;48119112;canagliarecoleta@gmail.com;http://www.canaglia.com/index.asp;True;Lun a vier de 10 a 13 y de 14.30 a 20/Sáb de 11 a 14;Libertad;1238;LIBERTAD 1238;Retiro;Comuna 1
POINT (-58.475990341045353 -34.579674377496694);98;Carbonobikes;Av. Triunvirato 3905;45210292;info@carbonobikes.com.ar;www.carbonobikes.com.ar;True;Lunes de 16 a 20/Martes a Viernes de 10 a 13 y de 16 a 20;Triunvirato;3905;TRIUNVIRATO AV. 3905;Villa Ortuzar;Comuna 15
POINT (-58.384557455164753 -34.597013166889667);110;Ciclo;Marcelo T. de Alvear 1228;;info@craftybikes.com.ar;;False;;Marcelo T. de Alvear;1228;ALVEAR, MARCELO T. DE 1228;Retiro;Comuna 1
POINT (-58.454558769211424 -34.554959767944347);104;CR Bikes;Monroe 1817;39747126;crbikes1@hotmail.com.ar;https://www.facebook.com/CrBikes?fref=ts;False;Lunes a Viernes de 10 a 20/Sábados de 10 a 15;Monroe;1817;MONROE 1817;Belgrano;Comuna 13
POINT (-58.41469184059477 -34.595492158553576);113;Cyklos;Gorriti 3579;20026566;cyklos@outlook.com;https://www.facebook.com/cyklosbicipartes;False;;Gorriti;3579;GORRITI 3579;Recoleta;Comuna 2
POINT (-58.396488275007513 -34.605806495677065);10;Espindola BIKE;Junin 305;49537335;info@espindolabikes.com.ar;www.espindolabikes.com.ar;False;Lun a Vier de 9.30 a 20/Sáb de 9.30 a 17;JUNIN;305;JUNIN 305;Balvanera;Comuna 3
POINT (-58.505860924061196 -34.588664108273306);80;Filardi;Mosconi 3192;45719265;;http://www.bicicletasfilardi.com.ar/inicio.htm;False;Lun a vier de 8:30 a 12 y de 15 a 19;Mosconi;3192;MOSCONI GENERAL AV. 3192;Villa Pueyrredon;Comuna 12
POINT (-58.383994455676657 -34.617939815005919);94;Funbikers;Av. Independencia 1276;1533289289;funbikers.arg@gmail.com;https://www.facebook.com/funbikers.arg;False;Lun-Vie: 9:00 - 19:30 // Sáb: 9:00 - 17:00;Av Independencia;1276;INDEPENDENCIA AV. 1276;Constitucion;Comuna 1
POINT (-58.390009342682241 -34.62290840053798);60;Furia Specialized Shop;Solis 1221;43048638;furiashop@gmail.com;http://www.furiashop.com/;False;Lunes a Viernes de 10.30 a 19;SOLIS;1221;SOLIS 1221;Constitucion;Comuna 1
POINT (-58.502561390141238 -34.566551369951178);115;Golden Bike;Ceretti 3596;45717101;info@goldenbike.com.ar;www.goldenbike.com.ar;True;Lun a viernes de 10 a 19 y Sábados de 10 a 17;Ceretti;3596;CERETTI 3596;Villa Urquiza;Comuna 12
POINT (-58.457411953155109 -34.556936320272975);111;Green Line;Monroe 2146;47805318;greenlinebike@hotmail.com;;False;;Monroe;2146;MONROE 2146;Belgrano;Comuna 13
POINT (-58.51397555993789 -34.659085913799181);39;Ham Bike;Guamin¡ 1928;46863486;hambike@hotmail.com;http://www.hambike.com.ar/;False;Lun - Vie: 9:30 - 18:30/Sáb: 9:30 - 18:00;GUAMINI;1928;GUAMINI 1928;Mataderos;Comuna 9
POINT (-58.513942156604735 -34.66015584055004);116;Ham Bike;Juan B. Alberdi 7198 y Montiel;46866508;hernanmare@gmail.com;https://www.facebook.com/profile.php?id=100001678634224;False;Lun - Vie: 9:30 - 18:30/Sáb: 9:30 - 18:00;Juan Alberdi;7198;ALBERDI, JUAN BAUTISTA AV. 7198;Mataderos;Comuna 9
POINT (-58.440056404356355 -34.582606539570847);93;Hollywood Bikes;Gorriti 5887;47774451;info@hollywoodbikes.com.ar;http://www.hollywoodbikes.com.ar/;False;Lun a vier de 11.30 a 19.30/Sáb de 11 a 16;Gorriti;5887;GORRITI 5887;Palermo;Comuna 14
POINT (-58.385187384582288 -34.595819843251775);112;Huella Verde Bicicletas;Santa Fe 1270 - Local 17;1557229129;huellaverdebicicletas@gmail.com;;False;;Santa Fe;1270;SANTA FE AV. 1270;Retiro;Comuna 1
POINT (-58.377816476558728 -34.625752245725984);11;La esquina del Rodado;Av. Garay 900;43002781;;;False;Lun a vier 9 a 19;GARAY, JUAN DE AV.;900;GARAY, JUAN DE AV. 900;Constitucion;Comuna 1
POINT (-58.458086410249827 -34.56874186752912);79;Lord Bike;Crámer Av 1720;47814984;lordbikeventas@gmail.com;https://www.facebook.com/Ldbike;False;Lun a vier de 10.30 a 13.30 y de 15.30 a 19.30/Sáb de 10.30 a 14;Crámer;1720;CRAMER AV. 1720;Belgrano;Comuna 13
POINT (-58.440699391622609 -34.635814461900949);16;Los Primos;Asamblea 1126;49212906;losprimosbikes@hotmail.com;;False;Lun a Dom de 10 a 19.30;ASAMBLEA AV.;1126;ASAMBLEA AV. 1126;Parque Chacabuco;Comuna 7
POINT (-58.407444668475101 -34.581876339087103);72;Lucky Bikes;Cabello 3266;47816910;info@lbikes.com.ar;http://luckybikes.mercadoshops.com.ar/;False;Lun a vier de 12 a 19/Sáb de 10 a 14;Cabello;3266;CABELLO 3266;Palermo;Comuna 14
POINT (-58.474710304085541 -34.562876688231206);106;McGiver;Manuel Ugarte 3663;45470327;;;False;;Manuel Ugarte;3663;UGARTE, MANUEL 3663;Coghlan;Comuna 12
POINT (-58.43951886578278 -34.628670936634464);42;Mega Bike Center;Av Directorio 899;49237767;alejonappi@yahoo.com.ar;;False;Lun a Sáb de 9 a 19;DIRECTORIO AV.;899;DIRECTORIO AV. 899;Caballito;Comuna 6
POINT (-58.490645542395775 -34.607291285227717);48;Miely;Cuenca 2474;1552481346/45028690;rodados_mieli@yahoo.com;;False;Lun a vier de 9 a 12.30 y de 15.30 a 19.30/Sáb de 9 a 18;CUENCA;2474;CUENCA 2474;Villa Del Parque;Comuna 11
POINT (-58.430919465056249 -34.578005939499434);12;Millenium Bike;Bonpland 2393;47790871;mileniumbike@hotmail.es // mileniumbiker@yahoo.com;;True;Lun a Sáb de 9 a 20;BONPLAND;2393;BONPLAND 2393;Palermo;Comuna 14
POINT (-58.437908981269949 -34.584625070227062);50;Monochrome;Gorriti 5656;1136268694;info@monochrome.com.ar;http://www.monochrome.com.ar/;False;Lun a vier de 11.30 a 19;GORRITI;5656;GORRITI 5656;Palermo;Comuna 14
POINT (-58.431593585714644 -34.588914857324781);56;Muvin;Gorriti 5051;48.332.154;info@muvin.com.ar;http://www.muvin.com.ar/;False;Lun a sáb de 10 a 19;GORRITI;5051;GORRITI 5051;Palermo;Comuna 14
POINT (-58.45938026283148 -34.558098421227257);21;New Bikes;Monroe 2364;47802066;info@newbikes.com.ar;http://www.newbikes.com.ar/;False;Lun a vier de 10 a 13.30 y de 14.30 a 20;MONROE;2364;MONROE 2364;Belgrano;Comuna 13
POINT (-58.415597265205349 -34.584700827294576);22;New Bikes;Scalabrini Ortiz 2552;48321232;info@newbikes.com.ar;http://www.newbikes.com.ar/;False;Lun a vier de 10 a 13.30 y de 14.30 a 20;SCALABRINI ORTIZ, RAUL;2552;SCALABRINI ORTIZ, RAUL 2552;Palermo;Comuna 14
POINT (-58.459614177448735 -34.554074139702209);40;Nino Bikes;Av. Congreso 2114;35274001;bicicleterianino@gmail.com;http://www.ninobikes.com/;True;;Congreso;2114;CONGRESO 2114;Belgrano;Comuna 13
POINT (-58.432565143192676 -34.60904957217646);13;Nodari Boutique;Eduardo Acevedo 575;49823418;ventas@nodari.com.ar;http://www.nodari.com.ar/;False;Lunes a Viernes de 10 a 19hs- Sabados 9 a 15hs;ACEVEDO, EDUARDO;575;ACEVEDO, EDUARDO 575;Caballito;Comuna 6
POINT (-58.432576320571769 -34.608911817360074);15;Nodari Taller;Avda. D¡az Vélez 4686;49581405;ventas@nodari.com.ar;http://www.nodari.com.ar/;True;Lunes a Viernes de 10 a 19hs- Sabados 9 a 15hs;DIAZ VELEZ AV.;4686;DIAZ VELEZ AV. 4686;Caballito;Comuna 6
POINT (-58.453287011874245 -34.579934795137305);114;Ochoa Bikes;Av. Álvarez Thomas 786;45517586/1522640000;info@ochoabikes.com.ar;http://www.ochoabikes.com.ar/;True;Lunes a viernes de 9 a 20 y Sábados de 9.30 a 17.30;alvarez thomas;786;ALVAREZ THOMAS AV. 786;Chacarita;Comuna 15
POINT (-58.398778881431298 -34.591256788691368);92;One love one bike;French 2350;48232890;onelove.onebike@gmail.com;http://www.oneloveonebike.com.ar/;False;Lun y feriados cerrado/Mar a Vier 11 a 19/Sáb y Dom 10 a 15;French;2350;FRENCH 2350;Recoleta;Comuna 2
POINT (-58.424996127968242 -34.5907058294205);44;Only Bikes de Rodados Lucern;Scalabrini Ortiz 1602;48314286;rodadoslucerna@fibertel.com.ar;http://www.onlybikes.com.ar/;False;Lun a Sáb de 10 a 20;SCALABRINI ORTIZ, RAUL AV.;1602;SCALABRINI ORTIZ, RAUL AV. 1602;Palermo;Comuna 14
POINT (-58.451406441674266 -34.606483287054331);119;Pedal BA;Av. San Martín 1544;20638558;bicicleteriapedal@gmail.com;https://www.facebook.com/bicicleteriapedal;False;Lun a vier de 10 a 13 y de 15 a 20/Sáb de 11 a 14;San Martin Av;1544;SAN MARTIN AV. 1544;Caballito;Comuna 6
POINT (-58.407180097429716 -34.637212256248311);27;Power Bikes;Caseros 3081;49120141;jorge_samite@hotmail.com;;False;;CASEROS AV.;3081;CASEROS AV. 3081;Parque Patricios;Comuna 4
POINT (-58.464809711571107 -34.615647760878744);23;Probikes;Boyaca 1130;45820876;info@probikes.com.ar;http://www.probikes.com.ar/;False;Lun a vier de 9 a 19 / Sáb de 9 a 16;BOYACA;1130;BOYACA 1130;Villa Gral. Mitre;Comuna 11
POINT (-58.425982052385855 -34.581377735345995);2;Roda2oro;Oro 2305;47740403;Roda2oro@gmail.com;http://www.roda2oro.com/;False;Lun a vier de 10 a 13 y de 14.30 a 19 / Sáb de 10 a 13;FRAY JUSTO SANTAMARIA DE ORO;2305;FRAY JUSTO SANTAMARIA DE ORO 2305;Palermo;Comuna 14
POINT (-58.471563155063315 -34.544188736849968);43;Rodados Atalaya;Av.Cabildo 4337;47022952;atalaya@rodadosatalaya.com;http://www.rodadosatalaya.com.ar/;False;Lun a Vier de 9 a 12 y de 15 a 19 / Sáb de 9 a 14;CABILDO AV.;4337;CABILDO AV. 4337;Nuñez;Comuna 13
POINT (-58.50002826235054 -34.565346158865594);63;Rodados Daye;Av. Crisologo Larralde 569;45414374;mdaye@dayebicycles.com;http://www.dayebicycles.com/dayebicycl;False;Lun a Vier de 10 a 19 y Sáb de 10 a 16;LARRALDE, CRISOLOGO AV.;5690;LARRALDE, CRISOLOGO AV. 5690;Villa Urquiza;Comuna 12
POINT (-58.51353847440199 -34.622590150497047);64;Rodados Daye;Lope de Vega 1887;45676269;mdaye@dayebicycles.com;http://www.dayebicycles.com/dayebicycl;False;Lun a Vier de 10 a 19 y Sáb de 10 a 16;LOPE DE VEGA AV.;1887;LOPE DE VEGA AV. 1887;Monte Castro;Comuna 10
POINT (-58.495004130371157 -34.58161501438537);38;Rodados Diaz;Av Mosconi 2255;45716481/45741613;info@rodasdosdiaz.com.ar;http://www.rodadosdiaz.com.ar/;False;Lun a Vier de 7 a 15/Sáb de 8 a 13;MOSCONI GENERAL AV.;2255;MOSCONI GENERAL AV. 2255;Villa Pueyrredon;Comuna 12
POINT (-58.386732475614927 -34.609581200764758);75;Rodados Ferreri;Av De Mayo 1454;43813683;https://www.facebook.com/rodadosferreri;http://www.rodadosferreri.com.ar;False;Lun-Mar-Mier y Vier de 10 a 20/Jue de 10 a 17/Sáb de 10 a 13;De Mayo Av;1454;DE MAYO AV. 1454;Monserrat;Comuna 1
POINT (-58.440244813566629 -34.608630865379297);24;Rodados La esquina;Av D¡az Velez 5201;49814931;rodadoslaesquina@gmail.com;http://www.rodadoslaesquina.com.ar/;True;Lun a Vier de 9.30 a 14 y de 15 a 20.30/Sábados de 9.30 a 20;DIAZ VELEZ AV.;5201;DIAZ VELEZ AV. 5201;Caballito;Comuna 6
POINT (-58.464975123249957 -34.603120487550719);81;Rodados Paternal;Donato Álvarez 2090;45864243;rodadospaternal@hotmail.com.ar;www.rodadospaternal.com.ar;True;Lun a Vier de 9 a 19.30/Sab de 9 a 17;Donato Álvarez;2090;ALVAREZ, DONATO, Tte. Gral. AV. 2090;Villa Gral. Mitre;Comuna 11
POINT (-58.368837636986555 -34.641341287386325);19;Rodados Saint Germain;Avenida Reg de Patricios 1;43022708;rodadossaintgermain@hotmail.com;;True;;REGIMIENTO DE PATRICIOS AV.;1228;REGIMIENTO DE PATRICIOS AV. 1228;Boca;Comuna 4
POINT (-58.459492450069483 -34.614276349255967);37;Rodados Schisano;Av. Donato Alvarez 1064;45848159;rodadoschisano@fibertel.com.ar;http://rodadoschisano.blogspot.com.ar/;False;;ALVAREZ, DONATO, Tte. Gral.;1064;ALVAREZ, DONATO, Tte. Gral. 1064;Flores;Comuna 7
POINT (-58.488195481760833 -34.648205232364916);34;Rodados Universo;Av Directorio 4699;46823627;info@rodadosuniverso.com.ar;http://www.rodadosuniverso.com.ar/;False;Lun a vier de 9 a 13 y de 15 a 20/Sáb de 9 a 14;DIRECTORIO AV.;4699;DIRECTORIO AV. 4699;Parque Avellaneda;Comuna 9
POINT (-58.488299538297156 -34.635174408247387);35;Rodados Universo;Av. Rivadavia 8829;46710478;info@rodadosuniverso.com.ar;http://www.rodadosuniverso.com.ar/;False;Lun a vier de 9 a 13 y de 15 a 20/Sáb de 9 a 14;RIVADAVIA AV.;8829;RIVADAVIA AV. 8829;Velez Sarsfield;Comuna 10
POINT (-58.464270843804186 -34.644778606715292);46;Rodados Vidal;Av.Eva Per¢n 3454;46128198;biciman75@hotmail.com;;False;;PERON, EVA AV.;3454;PERON, EVA AV. 3454;Flores;Comuna 7
POINT (-58.436122053700132 -34.585802292722505);86;Rouen;Gorriti 5484;;;;False;;Gorriti;5484;GORRITI 5484;Palermo;Comuna 14
POINT (-58.436167819768542 -34.58584196626402);88;Rouen;Gorriti 5484;1565452933;info@rouen.cc;https://www.facebook.com/RouenCycling;False;;Gorriti;5484;GORRITI 5484;Palermo;Comuna 14
POINT (-58.446307360510751 -34.571112522466535);28;Runner Bike;Ciudad de la Paz 771;47719277;ventas@runnerbike.com.ar;http://www.runnerbike.com.ar/;True;Lun a Vier de 10 a 14 y 15 a 20/Sáb de 10 a 14 y de 15 a 19;CIUDAD DE LA PAZ;771;CIUDAD DE LA PAZ 771;Colegiales;Comuna 13
POINT (-58.413237106154021 -34.595111011484548);69;Santilli;Soler 3470;49630416;zekito@hotmail.com;;True;Lun a Vier de 10 a 19 / Sáb de 10 a 14;soler;3470;SOLER 3470;Recoleta;Comuna 2
POINT (-58.41314701290792 -34.598095445517828);96;Schisano Bikes;Av. Córdoba 3300;48613334;schisano@schisano.com.ar;https://www.facebook.com/schisanobikes;False;;Córdoba;3300;CORDOBA AV. 3300;Almagro;Comuna 5
POINT (-58.452407147488202 -34.595890621464918);99;Service Top;Av. Dorrego 311;48560799;servicetop@hotmail.com;www.bicispersonalizadas.com;False;Lunes a Viernes de 10 a 19/Sábados de 9 a 13;Dorrego;311;DORREGO AV. 311;Villa Crespo;Comuna 15
POINT (-58.433241225935149 -34.600409108659932);84;Sin Rueditas;Aguirre 184;48579594;bicisinrueditas@gmail.com;;False;;Aguirre;184;AGUIRRE 184;Villa Crespo;Comuna 15
POINT (-58.42375745762466 -34.601523411993);25;Sin-Limite;Humahuaca 4193;48635311;info@sin-limite.com.ar;http://www.sin-limite.com.ar/;True;Lun a Vie de 14 a 20:30/Sáb de 10 a 15;HUMAHUACA;4193;HUMAHUACA 4193;Almagro;Comuna 5
POINT (-58.436033026386404 -34.588590162978576);61;Soho Bike;Godoy cruz 1518;47772394;diosteama_tantocomoyo@hotmail.com.ar;;True;Lun a vier de 10 a 20;GODOY CRUZ;1518;GODOY CRUZ 1518;Palermo;Comuna 14
POINT (-58.435323824435812 -34.564653763321928);82;Soldani Cycling;Av. del Libertador 4884;47724408;store@soldanicycling.com;http://www.soldainicycling.com/;False;Lun a vier de 9 a 13 y de 16 a 20;Del Libertador;4884;DEL LIBERTADOR AV. 4884;Palermo;Comuna 14
POINT (-58.423999358093582 -34.590040736856061);83;Soldani Cycling;Costa Rica 4401;39634083;costarica@soldanicycling.com;http://www.soldainicycling.com/;False;Lun a Vier de 10 a 20/Sáb de 10 a 16;Costa Rica;4401;COSTA RICA 4401;Palermo;Comuna 14
POINT (-58.418050095676485 -34.6258654742837);85;Team Bikes;San Juan 3738;49228973;info@team-bikes.com.ar;http://team-bikes.com.ar/;False;Lun a vier de 10 a 13 y de 15 a 20/Sáb de 10 a 17:30;San Juan;3738;SAN JUAN AV. 3738;Boedo;Comuna 5
POINT (-58.414110858907392 -34.595764248867646);54;Tecno Bikes;billinghurst 1186;49627158;vicicletero@hotmail.com;;True;Lun a vier de 10 a 20/Sáb de 10 a 16;BILLINGHURST;1186;BILLINGHURST 1186;Recoleta;Comuna 2
POINT (-58.484230392602669 -34.554646986985112);51;Thunder Bikes;Av. Ricardo Balb¡n 3827;45470451;info.thunderbikes@gmail.com;http://www.thunderbikes.com.ar;False;Lun a vier 9 a 13 y 15 a 19/Sáb de 10 a 14 y 15 a 17;BALBIN, RICARDO, DR. AV.;3827;BALBIN, RICARDO, DR. AV. 3827;Saavedra;Comuna 12
POINT (-58.466750728155766 -34.551100503896834);100;Tienda Bike;Av Cabildo 3490;35296723;info@TiendaBike.com.ar;www.TiendaBike.com.ar;True;Lunes a Viernes de 10 a 13 y de 15 a 20/Sábados de 10 a 20;Cabildo;3490;CABILDO AV. 3490;Nuñez;Comuna 13
POINT (-58.409027147850956 -34.581143645537146);76;Tu Hogar Sustentable;Cabello 3433;60913838;info@tuhogarsustentable.com;http://www.tuhogarsustentable.com/;False;Lun a Vier 10 a 13.30 y 15 a 20/Sáb 10 a 14 y de 15 a 18;Cabello;3433;CABELLO 3433;Palermo;Comuna 14
POINT (-58.489820880694189 -34.574686604600466);65;Urquiza Bikes (sólo venta);Bucarelli 2530;45236031;consultas@urquizabikes.com.ar;http://urquizabikes.com.ar;False;Lun a Vier de 10.30 a 14 y de 16.30 - 20.30/Sáb de 9.30 a 14.30;BUCARELLI;2530;BUCARELLI 2530;Villa Urquiza;Comuna 12
POINT (-58.496925795586598 -34.611342655820103);78;Venton;San Nicolás 2338 Puerta B;45680123;info@venton.com.ar;venton.com.ar;False;Lun a vier de 9 a 18;San Nicolás;2338;SAN NICOLAS 2338;Villa Del Parque;Comuna 11
POINT (-58.500357651509631 -34.565470410133869);95;Venton;Av Crisologo Larralde 5704;45680123;info@venton.com.ar/dario@venton.com.ar;http://www.venton.com.ar/;False;;Av Crisologo Larralde;5704;LARRALDE, CRISOLOGO AV. 5704;Villa Urquiza;Comuna 12
POINT (-58.492866511267025 -34.571387465529746);105;Venton;Av. Congreso 5336;45680123;info@venton.com.ar;https://www.facebook.com/pages/Venton-SRL/496803220343228?fref=ts;False;;Congreso;5336;CONGRESO AV. 5336;Villa Urquiza;Comuna 12
POINT (-58.401641710172832 -34.589317812091863);73;Via Bike;French 2695;48065566/1534322748;info@viabike.com.ar;https://www.facebook.com/viabikeweb/info;True;Lun a Vie de 10 a 20/Sáb de 10 a 13;French;2695;FRENCH 2695;Recoleta;Comuna 2
POINT (-58.379479294642039 -34.604583995817677);91;Via Bike;Suipacha 318;48065566/1534322748;info@viabike.com.ar;https://www.facebook.com/viabikeweb/info;True;Lun a Vie de 10 a 20/Sáb de 10 a 14;SUIPACHA;318;SUIPACHA 318;San Nicolas;Comuna 1
POINT (-58.475735007536827 -34.618259210603853);90;Victorian Bikes;Av Nazca 1303;45820116/39737209;victorianbike@hotmail.com;www.victorianbike.com.ar;True;Lun a Vier de 9.30 a 20/Sáb de 9.30 a 20;NAZCA;1303;NAZCA AV. 1303;Villa Santa Rita;Comuna 11
POINT (-58.42275414754679 -34.594785667208669);66;Vida Sana Bike;Gascon 1349;63803192;vidasana@yahoo.com.ar;www.vidasanabike.com.ar;False;Lun a Sáb de 10 a 19;GASCON;1349;GASCON 1349;Palermo;Comuna 14
POINT (-58.516327464866151 -34.610121680147451);87;Viento Bikes;José Pedro Varela 4735;;;;False;;jose pedro varela;4735;VARELA, JOSE PEDRO 4735;Villa Devoto;Comuna 11
POINT (-58.516386299681805 -34.610058553375616);89;Viento Bikes;Jose Pedro Varela 4735;46390616;vientobikes@gmail.com;http://vientobikes.blogspot.com.ar - www.facebook.com/vientobikes;False;;Jose Pedro Varela;4735;VARELA, JOSE PEDRO 4735;Villa Devoto;Comuna 11
POINT (-58.415342960345164 -34.653351621289524);3;Walter;Linch 3914;49122738;walterbikes-10@hotmail.com;;False;;LYNCH;3914;LYNCH 3914;Nueva Pompeya;Comuna 4
POINT (-58.495439580278848 -34.60190002960541);47;Zotta;R. Gutierrez 3222;45031882;info@zotta.com.ar;http://www.zotta.com.ar;False;Lun a Vier de 8.30 a 13 y de 14 a 18/Sáb de 8.30 a 13.30;GUTIERREZ, RICARDO;3222;GUTIERREZ, RICARDO 3222;Villa Del Parque;Comuna 11
